{
    "entity.player.death": {
        "replace": true,
        "sounds": [ 
			{"name": "player/death", "pitch": 1.0, "volume": 1.0}			
		],
	"subtitle": "subtitles.entity.player.death"	 
	},
	
    "entity.player.hurt": {
        "replace": true,
        "sounds": [ 
			{"name": "player/hurt", "pitch": 1.0, "volume": 1.0}			
		],
	"subtitle": "subtitles.entity.player.hurt"	 
	},
	
    "entity.player.hurt_on_fire": {
        "replace": true,
        "sounds": [ 
			{"name": "player/hurt", "pitch": 1.0, "volume": 1.0}			
		],
	"subtitle": "subtitles.entity.player.hurt"	 
	},
	
    "entity.player.hurt_freeze": {
        "replace": true,
        "sounds": [ 
			{"name": "player/hurt", "pitch": 1.0, "volume": 1.0}			
		],
	"subtitle": "subtitles.entity.player.hurt"	 
	},
	
    "entity.player.hurt_drown": {
        "replace": true,
        "sounds": [ 
			{"name": "player/hurt", "pitch": 1.0, "volume": 1.0}			
		],
	"subtitle": "subtitles.entity.player.hurt"	 
	},
	
    "entity.player.hurt_sweet_berry_bush": {
        "replace": true,
        "sounds": [ 
			{"name": "player/hurt", "pitch": 1.0, "volume": 1.0}			
		],
	"subtitle": "subtitles.entity.player.hurt"	 
	}
}