{"parent":"minecraft:item/generated","textures":{"layer0":"minecraft:item/enchanted_book"},"overrides":[{"predicate":{"custom_model_data":1},"model":"minecraft:item/aqua_affinity_1"},{"predicate":{"custom_model_data":2},"model":"minecraft:item/bane_of_arthropods_1"},{"predicate":{"custom_model_data":3},"model":"minecraft:item/bane_of_arthropods_2"},{"predicate":{"custom_model_data":4},"model":"minecraft:item/bane_of_arthropods_3"},{"predicate":{"custom_model_data":5},"model":"minecraft:item/bane_of_arthropods_4"},{"predicate":{"custom_model_data":6},"model":"minecraft:item/bane_of_arthropods_5"},{"predicate":{"custom_model_data":7},"model":"minecraft:item/breach_1"},{"predicate":{"custom_model_data":8},"model":"minecraft:item/breach_2"},{"predicate":{"custom_model_data":9},"model":"minecraft:item/breach_3"},{"predicate":{"custom_model_data":10},"model":"minecraft:item/breach_4"},{"predicate":{"custom_model_data":11},"model":"minecraft:item/blast_protection_1"},{"predicate":{"custom_model_data":12},"model":"minecraft:item/blast_protection_2"},{"predicate":{"custom_model_data":13},"model":"minecraft:item/blast_protection_3"},{"predicate":{"custom_model_data":14},"model":"minecraft:item/blast_protection_4"},{"predicate":{"custom_model_data":15},"model":"minecraft:item/channeling_1"},{"predicate":{"custom_model_data":16},"model":"minecraft:item/binding_curse_1"},{"predicate":{"custom_model_data":17},"model":"minecraft:item/density_1"},{"predicate":{"custom_model_data":18},"model":"minecraft:item/density_2"},{"predicate":{"custom_model_data":19},"model":"minecraft:item/density_3"},{"predicate":{"custom_model_data":20},"model":"minecraft:item/density_4"},{"predicate":{"custom_model_data":21},"model":"minecraft:item/density_5"},{"predicate":{"custom_model_data":22},"model":"minecraft:item/depth_strider_1"},{"predicate":{"custom_model_data":23},"model":"minecraft:item/depth_strider_2"},{"predicate":{"custom_model_data":24},"model":"minecraft:item/depth_strider_3"},{"predicate":{"custom_model_data":25},"model":"minecraft:item/efficiency_1"},{"predicate":{"custom_model_data":26},"model":"minecraft:item/efficiency_2"},{"predicate":{"custom_model_data":27},"model":"minecraft:item/efficiency_3"},{"predicate":{"custom_model_data":28},"model":"minecraft:item/efficiency_4"},{"predicate":{"custom_model_data":29},"model":"minecraft:item/efficiency_5"},{"predicate":{"custom_model_data":30},"model":"minecraft:item/feather_falling_1"},{"predicate":{"custom_model_data":31},"model":"minecraft:item/feather_falling_2"},{"predicate":{"custom_model_data":32},"model":"minecraft:item/feather_falling_3"},{"predicate":{"custom_model_data":33},"model":"minecraft:item/feather_falling_4"},{"predicate":{"custom_model_data":34},"model":"minecraft:item/fire_aspect_1"},{"predicate":{"custom_model_data":35},"model":"minecraft:item/fire_aspect_2"},{"predicate":{"custom_model_data":36},"model":"minecraft:item/fire_protection_1"},{"predicate":{"custom_model_data":37},"model":"minecraft:item/fire_protection_2"},{"predicate":{"custom_model_data":38},"model":"minecraft:item/fire_protection_3"},{"predicate":{"custom_model_data":39},"model":"minecraft:item/fire_protection_4"},{"predicate":{"custom_model_data":40},"model":"minecraft:item/flame_1"},{"predicate":{"custom_model_data":41},"model":"minecraft:item/fortune_1"},{"predicate":{"custom_model_data":42},"model":"minecraft:item/fortune_2"},{"predicate":{"custom_model_data":43},"model":"minecraft:item/fortune_3"},{"predicate":{"custom_model_data":44},"model":"minecraft:item/frost_walker_1"},{"predicate":{"custom_model_data":45},"model":"minecraft:item/frost_walker_2"},{"predicate":{"custom_model_data":46},"model":"minecraft:item/impaling_1"},{"predicate":{"custom_model_data":47},"model":"minecraft:item/impaling_2"},{"predicate":{"custom_model_data":48},"model":"minecraft:item/impaling_3"},{"predicate":{"custom_model_data":49},"model":"minecraft:item/impaling_4"},{"predicate":{"custom_model_data":50},"model":"minecraft:item/impaling_5"},{"predicate":{"custom_model_data":51},"model":"minecraft:item/infinity_1"},{"predicate":{"custom_model_data":52},"model":"minecraft:item/knockback_1"},{"predicate":{"custom_model_data":53},"model":"minecraft:item/knockback_2"},{"predicate":{"custom_model_data":54},"model":"minecraft:item/looting_1"},{"predicate":{"custom_model_data":55},"model":"minecraft:item/looting_2"},{"predicate":{"custom_model_data":56},"model":"minecraft:item/looting_3"},{"predicate":{"custom_model_data":57},"model":"minecraft:item/loyalty_1"},{"predicate":{"custom_model_data":58},"model":"minecraft:item/loyalty_2"},{"predicate":{"custom_model_data":59},"model":"minecraft:item/loyalty_3"},{"predicate":{"custom_model_data":60},"model":"minecraft:item/luck_of_the_sea_1"},{"predicate":{"custom_model_data":61},"model":"minecraft:item/luck_of_the_sea_2"},{"predicate":{"custom_model_data":62},"model":"minecraft:item/luck_of_the_sea_3"},{"predicate":{"custom_model_data":63},"model":"minecraft:item/lure_1"},{"predicate":{"custom_model_data":64},"model":"minecraft:item/lure_2"},{"predicate":{"custom_model_data":65},"model":"minecraft:item/lure_3"},{"predicate":{"custom_model_data":66},"model":"minecraft:item/mending_1"},{"predicate":{"custom_model_data":67},"model":"minecraft:item/multishot_1"},{"predicate":{"custom_model_data":68},"model":"minecraft:item/piercing_1"},{"predicate":{"custom_model_data":69},"model":"minecraft:item/piercing_2"},{"predicate":{"custom_model_data":70},"model":"minecraft:item/piercing_3"},{"predicate":{"custom_model_data":71},"model":"minecraft:item/piercing_4"},{"predicate":{"custom_model_data":72},"model":"minecraft:item/piercing_5"},{"predicate":{"custom_model_data":73},"model":"minecraft:item/power_1"},{"predicate":{"custom_model_data":74},"model":"minecraft:item/power_2"},{"predicate":{"custom_model_data":75},"model":"minecraft:item/power_3"},{"predicate":{"custom_model_data":76},"model":"minecraft:item/power_4"},{"predicate":{"custom_model_data":77},"model":"minecraft:item/power_5"},{"predicate":{"custom_model_data":78},"model":"minecraft:item/projectile_protection_1"},{"predicate":{"custom_model_data":79},"model":"minecraft:item/projectile_protection_2"},{"predicate":{"custom_model_data":80},"model":"minecraft:item/projectile_protection_3"},{"predicate":{"custom_model_data":81},"model":"minecraft:item/projectile_protection_4"},{"predicate":{"custom_model_data":82},"model":"minecraft:item/protection_1"},{"predicate":{"custom_model_data":83},"model":"minecraft:item/protection_2"},{"predicate":{"custom_model_data":84},"model":"minecraft:item/protection_3"},{"predicate":{"custom_model_data":85},"model":"minecraft:item/protection_4"},{"predicate":{"custom_model_data":86},"model":"minecraft:item/punch_1"},{"predicate":{"custom_model_data":87},"model":"minecraft:item/punch_2"},{"predicate":{"custom_model_data":88},"model":"minecraft:item/quick_charge_1"},{"predicate":{"custom_model_data":89},"model":"minecraft:item/quick_charge_2"},{"predicate":{"custom_model_data":90},"model":"minecraft:item/quick_charge_3"},{"predicate":{"custom_model_data":91},"model":"minecraft:item/respiration_1"},{"predicate":{"custom_model_data":92},"model":"minecraft:item/respiration_2"},{"predicate":{"custom_model_data":93},"model":"minecraft:item/respiration_3"},{"predicate":{"custom_model_data":94},"model":"minecraft:item/riptide_1"},{"predicate":{"custom_model_data":95},"model":"minecraft:item/riptide_2"},{"predicate":{"custom_model_data":96},"model":"minecraft:item/riptide_3"},{"predicate":{"custom_model_data":97},"model":"minecraft:item/sharpness_1"},{"predicate":{"custom_model_data":98},"model":"minecraft:item/sharpness_2"},{"predicate":{"custom_model_data":99},"model":"minecraft:item/sharpness_3"},{"predicate":{"custom_model_data":100},"model":"minecraft:item/sharpness_4"},{"predicate":{"custom_model_data":101},"model":"minecraft:item/sharpness_5"},{"predicate":{"custom_model_data":102},"model":"minecraft:item/silk_touch_1"},{"predicate":{"custom_model_data":103},"model":"minecraft:item/smite_1"},{"predicate":{"custom_model_data":104},"model":"minecraft:item/smite_2"},{"predicate":{"custom_model_data":105},"model":"minecraft:item/smite_3"},{"predicate":{"custom_model_data":106},"model":"minecraft:item/smite_4"},{"predicate":{"custom_model_data":107},"model":"minecraft:item/smite_5"},{"predicate":{"custom_model_data":108},"model":"minecraft:item/soul_speed_1"},{"predicate":{"custom_model_data":109},"model":"minecraft:item/soul_speed_2"},{"predicate":{"custom_model_data":110},"model":"minecraft:item/soul_speed_3"},{"predicate":{"custom_model_data":111},"model":"minecraft:item/sweeping_edge_1"},{"predicate":{"custom_model_data":112},"model":"minecraft:item/sweeping_edge_2"},{"predicate":{"custom_model_data":113},"model":"minecraft:item/sweeping_edge_3"},{"predicate":{"custom_model_data":114},"model":"minecraft:item/swift_sneak_1"},{"predicate":{"custom_model_data":115},"model":"minecraft:item/swift_sneak_2"},{"predicate":{"custom_model_data":116},"model":"minecraft:item/swift_sneak_3"},{"predicate":{"custom_model_data":117},"model":"minecraft:item/thorns_1"},{"predicate":{"custom_model_data":118},"model":"minecraft:item/thorns_2"},{"predicate":{"custom_model_data":119},"model":"minecraft:item/thorns_3"},{"predicate":{"custom_model_data":120},"model":"minecraft:item/vanishing_curse_1"},{"predicate":{"custom_model_data":121},"model":"minecraft:item/unbreaking_1"},{"predicate":{"custom_model_data":122},"model":"minecraft:item/unbreaking_2"},{"predicate":{"custom_model_data":123},"model":"minecraft:item/unbreaking_3"},{"predicate":{"custom_model_data":124},"model":"minecraft:item/wind_burst_1"},{"predicate":{"custom_model_data":125},"model":"minecraft:item/wind_burst_2"},{"predicate":{"custom_model_data":126},"model":"minecraft:item/wind_burst_3"}]}