{
  "model": {
    "type": "minecraft:select",
    "property": "minecraft:component",
    "component":"minecraft:ominous_bottle_amplifier",
    "cases": [
      {
        "when": 0,
        "model": {
          "type": "minecraft:model",
          "model": "minecraft:item/ominous/1"
        }
      },
      {
        "when": 1,
        "model": {
          "type": "minecraft:model",
          "model": "minecraft:item/ominous/2"
        }
      },
      {
        "when": 2,
        "model": {
          "type": "minecraft:model",
          "model": "minecraft:item/ominous/3"
        }
      },
      {
        "when": 3,
        "model": {
          "type": "minecraft:model",
          "model": "minecraft:item/ominous/4"
        }
      },
      {
        "when": 4,
        "model": {
          "type": "minecraft:model",
          "model": "minecraft:item/ominous/5"
        }
      }

    ],
    "fallback": {
      "type": "minecraft:model",
      "model": "minecraft:item/ominous/3"
    }
  }
}