{"model":{"type":"minecraft:select","property":"minecraft:component","component":"minecraft:stored_enchantments","cases":[{"when":{"minecraft:aqua_affinity":1},"model":{"type":"minecraft:model","model":"minecraft:item/aqua_affinity_1"}},{"when":{"minecraft:bane_of_arthropods":1},"model":{"type":"minecraft:model","model":"minecraft:item/bane_of_arthropods_1"}},{"when":{"minecraft:bane_of_arthropods":2},"model":{"type":"minecraft:model","model":"minecraft:item/bane_of_arthropods_2"}},{"when":{"minecraft:bane_of_arthropods":3},"model":{"type":"minecraft:model","model":"minecraft:item/bane_of_arthropods_3"}},{"when":{"minecraft:bane_of_arthropods":4},"model":{"type":"minecraft:model","model":"minecraft:item/bane_of_arthropods_4"}},{"when":{"minecraft:bane_of_arthropods":5},"model":{"type":"minecraft:model","model":"minecraft:item/bane_of_arthropods_5"}},{"when":{"minecraft:breach":1},"model":{"type":"minecraft:model","model":"minecraft:item/breach_1"}},{"when":{"minecraft:breach":2},"model":{"type":"minecraft:model","model":"minecraft:item/breach_2"}},{"when":{"minecraft:breach":3},"model":{"type":"minecraft:model","model":"minecraft:item/breach_3"}},{"when":{"minecraft:breach":4},"model":{"type":"minecraft:model","model":"minecraft:item/breach_4"}},{"when":{"minecraft:blast_protection":1},"model":{"type":"minecraft:model","model":"minecraft:item/blast_protection_1"}},{"when":{"minecraft:blast_protection":2},"model":{"type":"minecraft:model","model":"minecraft:item/blast_protection_2"}},{"when":{"minecraft:blast_protection":3},"model":{"type":"minecraft:model","model":"minecraft:item/blast_protection_3"}},{"when":{"minecraft:blast_protection":4},"model":{"type":"minecraft:model","model":"minecraft:item/blast_protection_4"}},{"when":{"minecraft:channeling":1},"model":{"type":"minecraft:model","model":"minecraft:item/channeling_1"}},{"when":{"minecraft:binding_curse":1},"model":{"type":"minecraft:model","model":"minecraft:item/binding_curse_1"}},{"when":{"minecraft:density":1},"model":{"type":"minecraft:model","model":"minecraft:item/density_1"}},{"when":{"minecraft:density":2},"model":{"type":"minecraft:model","model":"minecraft:item/density_2"}},{"when":{"minecraft:density":3},"model":{"type":"minecraft:model","model":"minecraft:item/density_3"}},{"when":{"minecraft:density":4},"model":{"type":"minecraft:model","model":"minecraft:item/density_4"}},{"when":{"minecraft:density":5},"model":{"type":"minecraft:model","model":"minecraft:item/density_5"}},{"when":{"minecraft:depth_strider":1},"model":{"type":"minecraft:model","model":"minecraft:item/depth_strider_1"}},{"when":{"minecraft:depth_strider":2},"model":{"type":"minecraft:model","model":"minecraft:item/depth_strider_2"}},{"when":{"minecraft:depth_strider":3},"model":{"type":"minecraft:model","model":"minecraft:item/depth_strider_3"}},{"when":{"minecraft:efficiency":1},"model":{"type":"minecraft:model","model":"minecraft:item/efficiency_1"}},{"when":{"minecraft:efficiency":2},"model":{"type":"minecraft:model","model":"minecraft:item/efficiency_2"}},{"when":{"minecraft:efficiency":3},"model":{"type":"minecraft:model","model":"minecraft:item/efficiency_3"}},{"when":{"minecraft:efficiency":4},"model":{"type":"minecraft:model","model":"minecraft:item/efficiency_4"}},{"when":{"minecraft:efficiency":5},"model":{"type":"minecraft:model","model":"minecraft:item/efficiency_5"}},{"when":{"minecraft:feather_falling":1},"model":{"type":"minecraft:model","model":"minecraft:item/feather_falling_1"}},{"when":{"minecraft:feather_falling":2},"model":{"type":"minecraft:model","model":"minecraft:item/feather_falling_2"}},{"when":{"minecraft:feather_falling":3},"model":{"type":"minecraft:model","model":"minecraft:item/feather_falling_3"}},{"when":{"minecraft:feather_falling":4},"model":{"type":"minecraft:model","model":"minecraft:item/feather_falling_4"}},{"when":{"minecraft:fire_aspect":1},"model":{"type":"minecraft:model","model":"minecraft:item/fire_aspect_1"}},{"when":{"minecraft:fire_aspect":2},"model":{"type":"minecraft:model","model":"minecraft:item/fire_aspect_2"}},{"when":{"minecraft:fire_protection":1},"model":{"type":"minecraft:model","model":"minecraft:item/fire_protection_1"}},{"when":{"minecraft:fire_protection":2},"model":{"type":"minecraft:model","model":"minecraft:item/fire_protection_2"}},{"when":{"minecraft:fire_protection":3},"model":{"type":"minecraft:model","model":"minecraft:item/fire_protection_3"}},{"when":{"minecraft:fire_protection":4},"model":{"type":"minecraft:model","model":"minecraft:item/fire_protection_4"}},{"when":{"minecraft:flame":1},"model":{"type":"minecraft:model","model":"minecraft:item/flame_1"}},{"when":{"minecraft:fortune":1},"model":{"type":"minecraft:model","model":"minecraft:item/fortune_1"}},{"when":{"minecraft:fortune":2},"model":{"type":"minecraft:model","model":"minecraft:item/fortune_2"}},{"when":{"minecraft:fortune":3},"model":{"type":"minecraft:model","model":"minecraft:item/fortune_3"}},{"when":{"minecraft:frost_walker":1},"model":{"type":"minecraft:model","model":"minecraft:item/frost_walker_1"}},{"when":{"minecraft:frost_walker":2},"model":{"type":"minecraft:model","model":"minecraft:item/frost_walker_2"}},{"when":{"minecraft:impaling":1},"model":{"type":"minecraft:model","model":"minecraft:item/impaling_1"}},{"when":{"minecraft:impaling":2},"model":{"type":"minecraft:model","model":"minecraft:item/impaling_2"}},{"when":{"minecraft:impaling":3},"model":{"type":"minecraft:model","model":"minecraft:item/impaling_3"}},{"when":{"minecraft:impaling":4},"model":{"type":"minecraft:model","model":"minecraft:item/impaling_4"}},{"when":{"minecraft:impaling":5},"model":{"type":"minecraft:model","model":"minecraft:item/impaling_5"}},{"when":{"minecraft:infinity":1},"model":{"type":"minecraft:model","model":"minecraft:item/infinity_1"}},{"when":{"minecraft:knockback":1},"model":{"type":"minecraft:model","model":"minecraft:item/knockback_1"}},{"when":{"minecraft:knockback":2},"model":{"type":"minecraft:model","model":"minecraft:item/knockback_2"}},{"when":{"minecraft:looting":1},"model":{"type":"minecraft:model","model":"minecraft:item/looting_1"}},{"when":{"minecraft:looting":2},"model":{"type":"minecraft:model","model":"minecraft:item/looting_2"}},{"when":{"minecraft:looting":3},"model":{"type":"minecraft:model","model":"minecraft:item/looting_3"}},{"when":{"minecraft:loyalty":1},"model":{"type":"minecraft:model","model":"minecraft:item/loyalty_1"}},{"when":{"minecraft:loyalty":2},"model":{"type":"minecraft:model","model":"minecraft:item/loyalty_2"}},{"when":{"minecraft:loyalty":3},"model":{"type":"minecraft:model","model":"minecraft:item/loyalty_3"}},{"when":{"minecraft:luck_of_the_sea":1},"model":{"type":"minecraft:model","model":"minecraft:item/luck_of_the_sea_1"}},{"when":{"minecraft:luck_of_the_sea":2},"model":{"type":"minecraft:model","model":"minecraft:item/luck_of_the_sea_2"}},{"when":{"minecraft:luck_of_the_sea":3},"model":{"type":"minecraft:model","model":"minecraft:item/luck_of_the_sea_3"}},{"when":{"minecraft:lure":1},"model":{"type":"minecraft:model","model":"minecraft:item/lure_1"}},{"when":{"minecraft:lure":2},"model":{"type":"minecraft:model","model":"minecraft:item/lure_2"}},{"when":{"minecraft:lure":3},"model":{"type":"minecraft:model","model":"minecraft:item/lure_3"}},{"when":{"minecraft:mending":1},"model":{"type":"minecraft:model","model":"minecraft:item/mending_1"}},{"when":{"minecraft:multishot":1},"model":{"type":"minecraft:model","model":"minecraft:item/multishot_1"}},{"when":{"minecraft:piercing":1},"model":{"type":"minecraft:model","model":"minecraft:item/piercing_1"}},{"when":{"minecraft:piercing":2},"model":{"type":"minecraft:model","model":"minecraft:item/piercing_2"}},{"when":{"minecraft:piercing":3},"model":{"type":"minecraft:model","model":"minecraft:item/piercing_3"}},{"when":{"minecraft:piercing":4},"model":{"type":"minecraft:model","model":"minecraft:item/piercing_4"}},{"when":{"minecraft:piercing":5},"model":{"type":"minecraft:model","model":"minecraft:item/piercing_5"}},{"when":{"minecraft:power":1},"model":{"type":"minecraft:model","model":"minecraft:item/power_1"}},{"when":{"minecraft:power":2},"model":{"type":"minecraft:model","model":"minecraft:item/power_2"}},{"when":{"minecraft:power":3},"model":{"type":"minecraft:model","model":"minecraft:item/power_3"}},{"when":{"minecraft:power":4},"model":{"type":"minecraft:model","model":"minecraft:item/power_4"}},{"when":{"minecraft:power":5},"model":{"type":"minecraft:model","model":"minecraft:item/power_5"}},{"when":{"minecraft:projectile_protection":1},"model":{"type":"minecraft:model","model":"minecraft:item/projectile_protection_1"}},{"when":{"minecraft:projectile_protection":2},"model":{"type":"minecraft:model","model":"minecraft:item/projectile_protection_2"}},{"when":{"minecraft:projectile_protection":3},"model":{"type":"minecraft:model","model":"minecraft:item/projectile_protection_3"}},{"when":{"minecraft:projectile_protection":4},"model":{"type":"minecraft:model","model":"minecraft:item/projectile_protection_4"}},{"when":{"minecraft:protection":1},"model":{"type":"minecraft:model","model":"minecraft:item/protection_1"}},{"when":{"minecraft:protection":2},"model":{"type":"minecraft:model","model":"minecraft:item/protection_2"}},{"when":{"minecraft:protection":3},"model":{"type":"minecraft:model","model":"minecraft:item/protection_3"}},{"when":{"minecraft:protection":4},"model":{"type":"minecraft:model","model":"minecraft:item/protection_4"}},{"when":{"minecraft:punch":1},"model":{"type":"minecraft:model","model":"minecraft:item/punch_1"}},{"when":{"minecraft:punch":2},"model":{"type":"minecraft:model","model":"minecraft:item/punch_2"}},{"when":{"minecraft:quick_charge":1},"model":{"type":"minecraft:model","model":"minecraft:item/quick_charge_1"}},{"when":{"minecraft:quick_charge":2},"model":{"type":"minecraft:model","model":"minecraft:item/quick_charge_2"}},{"when":{"minecraft:quick_charge":3},"model":{"type":"minecraft:model","model":"minecraft:item/quick_charge_3"}},{"when":{"minecraft:respiration":1},"model":{"type":"minecraft:model","model":"minecraft:item/respiration_1"}},{"when":{"minecraft:respiration":2},"model":{"type":"minecraft:model","model":"minecraft:item/respiration_2"}},{"when":{"minecraft:respiration":3},"model":{"type":"minecraft:model","model":"minecraft:item/respiration_3"}},{"when":{"minecraft:riptide":1},"model":{"type":"minecraft:model","model":"minecraft:item/riptide_1"}},{"when":{"minecraft:riptide":2},"model":{"type":"minecraft:model","model":"minecraft:item/riptide_2"}},{"when":{"minecraft:riptide":3},"model":{"type":"minecraft:model","model":"minecraft:item/riptide_3"}},{"when":{"minecraft:sharpness":1},"model":{"type":"minecraft:model","model":"minecraft:item/sharpness_1"}},{"when":{"minecraft:sharpness":2},"model":{"type":"minecraft:model","model":"minecraft:item/sharpness_2"}},{"when":{"minecraft:sharpness":3},"model":{"type":"minecraft:model","model":"minecraft:item/sharpness_3"}},{"when":{"minecraft:sharpness":4},"model":{"type":"minecraft:model","model":"minecraft:item/sharpness_4"}},{"when":{"minecraft:sharpness":5},"model":{"type":"minecraft:model","model":"minecraft:item/sharpness_5"}},{"when":{"minecraft:silk_touch":1},"model":{"type":"minecraft:model","model":"minecraft:item/silk_touch_1"}},{"when":{"minecraft:smite":1},"model":{"type":"minecraft:model","model":"minecraft:item/smite_1"}},{"when":{"minecraft:smite":2},"model":{"type":"minecraft:model","model":"minecraft:item/smite_2"}},{"when":{"minecraft:smite":3},"model":{"type":"minecraft:model","model":"minecraft:item/smite_3"}},{"when":{"minecraft:smite":4},"model":{"type":"minecraft:model","model":"minecraft:item/smite_4"}},{"when":{"minecraft:smite":5},"model":{"type":"minecraft:model","model":"minecraft:item/smite_5"}},{"when":{"minecraft:soul_speed":1},"model":{"type":"minecraft:model","model":"minecraft:item/soul_speed_1"}},{"when":{"minecraft:soul_speed":2},"model":{"type":"minecraft:model","model":"minecraft:item/soul_speed_2"}},{"when":{"minecraft:soul_speed":3},"model":{"type":"minecraft:model","model":"minecraft:item/soul_speed_3"}},{"when":{"minecraft:sweeping_edge":1},"model":{"type":"minecraft:model","model":"minecraft:item/sweeping_edge_1"}},{"when":{"minecraft:sweeping_edge":2},"model":{"type":"minecraft:model","model":"minecraft:item/sweeping_edge_2"}},{"when":{"minecraft:sweeping_edge":3},"model":{"type":"minecraft:model","model":"minecraft:item/sweeping_edge_3"}},{"when":{"minecraft:swift_sneak":1},"model":{"type":"minecraft:model","model":"minecraft:item/swift_sneak_1"}},{"when":{"minecraft:swift_sneak":2},"model":{"type":"minecraft:model","model":"minecraft:item/swift_sneak_2"}},{"when":{"minecraft:swift_sneak":3},"model":{"type":"minecraft:model","model":"minecraft:item/swift_sneak_3"}},{"when":{"minecraft:thorns":1},"model":{"type":"minecraft:model","model":"minecraft:item/thorns_1"}},{"when":{"minecraft:thorns":2},"model":{"type":"minecraft:model","model":"minecraft:item/thorns_2"}},{"when":{"minecraft:thorns":3},"model":{"type":"minecraft:model","model":"minecraft:item/thorns_3"}},{"when":{"minecraft:vanishing_curse":1},"model":{"type":"minecraft:model","model":"minecraft:item/vanishing_curse_1"}},{"when":{"minecraft:unbreaking":1},"model":{"type":"minecraft:model","model":"minecraft:item/unbreaking_1"}},{"when":{"minecraft:unbreaking":2},"model":{"type":"minecraft:model","model":"minecraft:item/unbreaking_2"}},{"when":{"minecraft:unbreaking":3},"model":{"type":"minecraft:model","model":"minecraft:item/unbreaking_3"}},{"when":{"minecraft:wind_burst":1},"model":{"type":"minecraft:model","model":"minecraft:item/wind_burst_1"}},{"when":{"minecraft:wind_burst":2},"model":{"type":"minecraft:model","model":"minecraft:item/wind_burst_2"}},{"when":{"minecraft:wind_burst":3},"model":{"type":"minecraft:model","model":"minecraft:item/wind_burst_3"}}],"fallback":{"type":"minecraft:model","model":"minecraft:item/enchanted_book"}}}