{
	"providers": [
        {
			"type": "bitmap",
			"file": "minecraft:misc/enchantments.png",
			"ascent": 8,
			"height": 9,
			"chars": ["\uFA3B\uFA3C\uFA3D\uFA3E\uFA3F\uFA40\uFA41\uFA42\uFA43\uFA44\uFA45\uFA46\uFA47\uFA48\uFA49\uFABE"]
		},
        {
			"type": "bitmap",
			"file": "minecraft:misc/effects.png",
			"ascent": 8,
			"height": 9,
			"chars": ["\uFA16\uFA17\uFA18\uFA19\uFA1A\uFA1B\uFA1C\uFA1D\uFA1E\uFA1F\uFA20\uFA21\uFA22\uFA23\uFA24\uFA25\uFA26\uFA27\uFA28\uFA29\uFA2A\uFA2B\uFA2C\uFA2D\uFA2E\uFA2F\uFA30\uFA31\uFA32\uFA33\uFA34\uFA35\uFA36\uFAB7\uFAB8\uFAB9\uFABA\uFABB\uFABC"]
		}
	]
}